relative_path,family,binary_label,layer,subdirectory,filename,extension,size_bytes,format,magic,version,linktype,linktype_name,snaplen,packets,bytes_wire,avg_packet_size_bytes,duration_sec,first_ts_iso,last_ts_iso,truncated_tail_bytes,n_bad_incl,n_orig_lt_incl,error
Flash traffic\Flash traffic\flash traffic_with_r.pcap,flash_traffic,attack,application,Flash traffic,flash traffic_with_r.pcap,.pcap,61155602,pcap,d4c3b2a1,2.4,1,Ethernet,262144,664535,50523018,76.03,321.675,2022-05-06T06:05:06.073509+00:00,2022-05-06T06:10:27.748585+00:00,0,0,0,
Flash traffic\Flash traffic\flash traffic_without r.pcap,flash_traffic,attack,application,Flash traffic,flash traffic_without r.pcap,.pcap,62629650,pcap,d4c3b2a1,2.4,1,Ethernet,262144,680551,51740810,76.03,325.992,2022-05-06T06:23:56.413690+00:00,2022-05-06T06:29:22.405717+00:00,0,0,0,
http flood_get_post_random\http flood_get_post_random\http flood get_1st.pcap,http_flood,attack,application,http flood_get_post_random,http flood get_1st.pcap,.pcap,555710680,pcap,d4c3b2a1,2.4,1,Ethernet,262144,925413,540904048,584.5,34.07,2022-03-26T09:10:57.634139+00:00,2022-03-26T09:11:31.704016+00:00,0,0,0,
http flood_get_post_random\http flood_get_post_random\http flood get_2nd.pcap,http_flood,attack,application,http flood_get_post_random,http flood get_2nd.pcap,.pcap,924471288,pcap,d4c3b2a1,2.4,1,Ethernet,262144,1489272,900642912,604.75,52.365,2022-05-04T09:49:07.194201+00:00,2022-05-04T09:49:59.559222+00:00,0,0,0,
http flood_get_post_random\http flood_get_post_random\http flood post_1st.pcap,http_flood,attack,application,http flood_get_post_random,http flood post_1st.pcap,.pcap,614319098,pcap,d4c3b2a1,2.4,1,Ethernet,262144,1019012,598014882,586.86,40.856,2022-03-26T09:26:00.841295+00:00,2022-03-26T09:26:41.696799+00:00,0,0,0,
http flood_get_post_random\http flood_get_post_random\http flood post_2nd.pcap,http_flood,attack,application,http flood_get_post_random,http flood post_2nd.pcap,.pcap,874375246,pcap,d4c3b2a1,2.4,1,Ethernet,262144,1419529,851662758,599.96,57.555,2022-05-04T09:52:56.010405+00:00,2022-05-04T09:53:53.565051+00:00,0,0,0,
http flood_get_post_random\http flood_get_post_random\http flood_random.pcap,http_flood,attack,application,http flood_get_post_random,http flood_random.pcap,.pcap,808996218,pcap,d4c3b2a1,2.4,1,Ethernet,262144,1309617,788042322,601.73,38.798,2022-05-04T09:56:54.759280+00:00,2022-05-04T09:57:33.557457+00:00,0,0,0,
http low volume low rate\http low volume low rate\http low rate_1st.pcap,http_low_rate,attack,application,http low volume low rate,http low rate_1st.pcap,.pcap,24514026,pcap,d4c3b2a1,2.4,1,Ethernet,262144,197909,21347458,107.87,1030.122,2022-03-24T06:51:04.846689+00:00,2022-03-24T07:08:14.968212+00:00,0,0,0,
http low volume low rate\http low volume low rate\http low rate_2nd.pcap,http_low_rate,attack,application,http low volume low rate,http low rate_2nd.pcap,.pcap,24828424,pcap,d4c3b2a1,2.4,1,Ethernet,262144,197222,21672848,109.89,1029.964,2022-05-04T07:23:03.876723+00:00,2022-05-04T07:40:13.841068+00:00,0,0,0,
http low volume low rate\http low volume low rate\http low rate_3rd.pcap,http_low_rate,attack,application,http low volume low rate,http low rate_3rd.pcap,.pcap,24636818,pcap,d4c3b2a1,2.4,1,Ethernet,262144,198305,21463914,108.24,1026.134,2022-05-04T07:43:07.665706+00:00,2022-05-04T08:00:13.799663+00:00,0,0,0,
HTTP-Low volume-slow rate-slow body\HTTP-Low volume-slow rate-slow body\slowbody_1st.pcap,http_slow_body,attack,application,HTTP-Low volume-slow rate-slow body,slowbody_1st.pcap,.pcap,16413876,pcap,d4c3b2a1,2.4,1,Ethernet,262144,113856,14592156,128.16,1840.025,2022-03-26T08:03:57.679536+00:00,2022-03-26T08:34:37.704926+00:00,0,0,0,
HTTP-Low volume-slow rate-slow body\HTTP-Low volume-slow rate-slow body\slowbody_2nd.pcap,http_slow_body,attack,application,HTTP-Low volume-slow rate-slow body,slowbody_2nd.pcap,.pcap,13003694,pcap,d4c3b2a1,2.4,1,Ethernet,262144,96358,11461942,118.95,1016.258,2022-05-04T05:09:56.071985+00:00,2022-05-04T05:26:52.330380+00:00,0,0,0,
HTTP-Low volume-slow rate-slow body\HTTP-Low volume-slow rate-slow body\slowbody_3rd.pcap,http_slow_body,attack,application,HTTP-Low volume-slow rate-slow body,slowbody_3rd.pcap,.pcap,13681510,pcap,d4c3b2a1,2.4,1,Ethernet,262144,113348,11867918,104.7,1813.944,2022-05-04T05:29:54.109900+00:00,2022-05-04T06:00:08.053574+00:00,0,0,0,
HTTP-Low volume-slow rate-slow header\HTTP-Low volume-slow rate-slow header\slow header_1st.pcap,http_slow_header,attack,application,HTTP-Low volume-slow rate-slow header,slow header_1st.pcap,.pcap,21715658,pcap,d4c3b2a1,2.4,1,Ethernet,262144,196932,18564722,94.27,1026.285,2022-03-26T06:26:55.487957+00:00,2022-03-26T06:44:01.772685+00:00,0,0,0,
HTTP-Low volume-slow rate-slow header\HTTP-Low volume-slow rate-slow header\slow header_2nd.pcap,http_slow_header,attack,application,HTTP-Low volume-slow rate-slow header,slow header_2nd.pcap,.pcap,21000818,pcap,d4c3b2a1,2.4,1,Ethernet,262144,196568,17855706,90.84,1005.966,2022-05-04T06:05:54.035934+00:00,2022-05-04T06:22:40.001734+00:00,0,0,0,
HTTP-Low volume-slow rate-slow header\HTTP-Low volume-slow rate-slow header\slow header_3rd.pcap,http_slow_header,attack,application,HTTP-Low volume-slow rate-slow header,slow header_3rd.pcap,.pcap,20950212,pcap,d4c3b2a1,2.4,1,Ethernet,262144,196801,17801372,90.45,1034.01,2022-05-04T06:24:59.951135+00:00,2022-05-04T06:42:13.961049+00:00,0,0,0,
HTTP-Low volume-slow rate-slow read\HTTP-Low volume-slow rate-slow read\slow read_1st.pcap,http_slow_read,attack,application,HTTP-Low volume-slow rate-slow read,slow read_1st.pcap,.pcap,982933354,pcap,d4c3b2a1,2.4,1,Ethernet,262144,6918021,872244994,126.08,1812.888,2022-03-24T09:49:17.637505+00:00,2022-03-24T10:19:30.525767+00:00,0,0,0,
HTTP-Low volume-slow rate-slow read\HTTP-Low volume-slow rate-slow read\slow read_2nd.pcap,http_slow_read,attack,application,HTTP-Low volume-slow rate-slow read,slow read_2nd.pcap,.pcap,980840112,pcap,d4c3b2a1,2.4,1,Ethernet,262144,6909490,870288248,125.96,1825.301,2022-05-04T06:45:58.589405+00:00,2022-05-04T07:16:23.890470+00:00,0,0,0,
Legitimate traffic\Legitimate traffic\Constant Packet size and constant_uniform_exponentially__poisson distributed IDP\Constant Packet size and mix IDP_1-1.pcap,benign,benign,benign,Legitimate traffic/Constant Packet size and constant_uniform_exponentially__poisson distributed IDP,Constant Packet size and mix IDP_1-1.pcap,.pcap,1719834220,pcap,d4c3b2a1,2.4,1,Ethernet,262144,4118969,1653930692,401.54,306.444,2022-05-03T09:22:38.956408+00:00,2022-05-03T09:27:45.400428+00:00,0,0,0,
Legitimate traffic\Legitimate traffic\Constant Packet size and constant_uniform_exponentially__poisson distributed IDP\Constant Packet size and mix IDP_1-2.pcap,benign,benign,benign,Legitimate traffic/Constant Packet size and constant_uniform_exponentially__poisson distributed IDP,Constant Packet size and mix IDP_1-2.pcap,.pcap,1719746026,pcap,d4c3b2a1,2.4,1,Ethernet,262144,4118969,1653842498,401.52,325.416,2022-05-03T09:27:45.400433+00:00,2022-05-03T09:33:10.816705+00:00,0,0,0,
Legitimate traffic\Legitimate traffic\Constant Packet size and constant_uniform_exponentially__poisson distributed IDP\Constant Packet size and mix IDP_1-3.pcap,benign,benign,benign,Legitimate traffic/Constant Packet size and constant_uniform_exponentially__poisson distributed IDP,Constant Packet size and mix IDP_1-3.pcap,.pcap,1719691874,pcap,d4c3b2a1,2.4,1,Ethernet,262144,4118970,1653788330,401.51,354.084,2022-05-03T09:33:10.816705+00:00,2022-05-03T09:39:04.900762+00:00,0,0,0,
Legitimate traffic\Legitimate traffic\Constant Packet size and exponentially distributed IDP\Constant Packet size and exponentially distributed IDP_1-1.pcap,benign,benign,benign,Legitimate traffic/Constant Packet size and exponentially distributed IDP,Constant Packet size and exponentially distributed IDP_1-1.pcap,.pcap,2138487518,pcap,d4c3b2a1,2.4,1,Ethernet,262144,5088018,2057079206,404.3,1105.386,2022-05-03T07:32:39.238663+00:00,2022-05-03T07:51:04.624858+00:00,0,0,0,
Legitimate traffic\Legitimate traffic\Constant Packet size and exponentially distributed IDP\Constant Packet size and exponentially distributed IDP_1-2.pcap,benign,benign,benign,Legitimate traffic/Constant Packet size and exponentially distributed IDP,Constant Packet size and exponentially distributed IDP_1-2.pcap,.pcap,2137660556,pcap,d4c3b2a1,2.4,1,Ethernet,262144,5088018,2056252244,404.14,1130.51,2022-05-03T07:51:04.624858+00:00,2022-05-03T08:09:55.134723+00:00,0,0,0,
Legitimate traffic\Legitimate traffic\Constant Packet size and IDP\Constant Packet size and IDP_1st\Constant Packet size and IDP_1-1.pcap,benign,benign,benign,Legitimate traffic/Constant Packet size and IDP/Constant Packet size and IDP_1st,Constant Packet size and IDP_1-1.pcap,.pcap,1260895866,pcap,d4c3b2a1,2.4,1,Ethernet,262144,2192413,1225817234,559.12,192.014,2022-05-03T06:01:09.472635+00:00,2022-05-03T06:04:21.486406+00:00,0,0,0,
Legitimate traffic\Legitimate traffic\Constant Packet size and IDP\Constant Packet size and IDP_1st\Constant Packet size and IDP_1-2.pcap,benign,benign,benign,Legitimate traffic/Constant Packet size and IDP/Constant Packet size and IDP_1st,Constant Packet size and IDP_1-2.pcap,.pcap,1203029772,pcap,d4c3b2a1,2.4,1,Ethernet,262144,2192414,1167951124,532.72,223.969,2022-05-03T06:04:21.486523+00:00,2022-05-03T06:08:05.455907+00:00,0,0,0,
Legitimate traffic\Legitimate traffic\Constant Packet size and IDP\Constant Packet size and IDP_2nd\Constant Packet size and IDP_2-1.pcap,benign,benign,benign,Legitimate traffic/Constant Packet size and IDP/Constant Packet size and IDP_2nd,Constant Packet size and IDP_2-1.pcap,.pcap,2112642320,pcap,d4c3b2a1,2.4,1,Ethernet,262144,3709286,2053293720,553.55,430.271,2022-05-03T06:51:01.794962+00:00,2022-05-03T06:58:12.066233+00:00,0,0,0,
Legitimate traffic\Legitimate traffic\Constant Packet size and IDP\Constant Packet size and IDP_2nd\Constant Packet size and IDP_2-2.pcap,benign,benign,benign,Legitimate traffic/Constant Packet size and IDP/Constant Packet size and IDP_2nd,Constant Packet size and IDP_2-2.pcap,.pcap,2076023446,pcap,d4c3b2a1,2.4,1,Ethernet,262144,3709286,2016674846,543.68,437.069,2022-05-03T07:04:22.223460+00:00,2022-05-03T07:11:39.292183+00:00,0,0,0,
Legitimate traffic\Legitimate traffic\Constant Packet size and IDP\Constant Packet size and IDP_2nd\Constant Packet size and IDP_2-3.pcap,benign,benign,benign,Legitimate traffic/Constant Packet size and IDP/Constant Packet size and IDP_2nd,Constant Packet size and IDP_2-3.pcap,.pcap,2055940134,pcap,d4c3b2a1,2.4,1,Ethernet,262144,3709286,1996591534,538.27,370.157,2022-05-03T06:58:12.066233+00:00,2022-05-03T07:04:22.223459+00:00,0,0,0,
Legitimate traffic\Legitimate traffic\Constant Packet size and poisson distributed IDP\Constant Packet size and poisson distributed IDP_1-1.pcap,benign,benign,benign,Legitimate traffic/Constant Packet size and poisson distributed IDP,Constant Packet size and poisson distributed IDP_1-1.pcap,.pcap,2157369366,pcap,d4c3b2a1,2.4,1,Ethernet,262144,3827676,2096126526,547.62,426.83,2022-05-03T08:29:21.252162+00:00,2022-05-03T08:36:28.082607+00:00,0,0,0,
Legitimate traffic\Legitimate traffic\Constant Packet size and poisson distributed IDP\Constant Packet size and poisson distributed IDP_1-2.pcap,benign,benign,benign,Legitimate traffic/Constant Packet size and poisson distributed IDP,Constant Packet size and poisson distributed IDP_1-2.pcap,.pcap,2161488164,pcap,d4c3b2a1,2.4,1,Ethernet,262144,3827675,2100245340,548.7,420.974,2022-05-03T08:36:28.082607+00:00,2022-05-03T08:43:29.056823+00:00,0,0,0,
Legitimate traffic\Legitimate traffic\Constant Packet size and Uniformly distributed IDP\Constant Packet size and Uniformly distributed IDP_1-1.pcap,benign,benign,benign,Legitimate traffic/Constant Packet size and Uniformly distributed IDP,Constant Packet size and Uniformly distributed IDP_1-1.pcap,.pcap,2433628484,pcap,d4c3b2a1,2.4,1,Ethernet,262144,3527237,2377192668,673.95,555.827,2022-05-03T08:48:23.113866+00:00,2022-05-03T08:57:38.940386+00:00,0,0,0,
Legitimate traffic\Legitimate traffic\Constant Packet size and Uniformly distributed IDP\Constant Packet size and Uniformly distributed IDP_1-2.pcap,benign,benign,benign,Legitimate traffic/Constant Packet size and Uniformly distributed IDP,Constant Packet size and Uniformly distributed IDP_1-2.pcap,.pcap,2441229134,pcap,d4c3b2a1,2.4,1,Ethernet,262144,3527237,2384793318,676.11,558.186,2022-05-03T08:57:38.940407+00:00,2022-05-03T09:06:57.126080+00:00,0,0,0,
Legitimate traffic\Legitimate traffic\Constant Packet size and Uniformly distributed IDP\Constant Packet size and Uniformly distributed IDP_1-3.pcap,benign,benign,benign,Legitimate traffic/Constant Packet size and Uniformly distributed IDP,Constant Packet size and Uniformly distributed IDP_1-3.pcap,.pcap,2448151314,pcap,d4c3b2a1,2.4,1,Ethernet,262144,3527237,2391715498,678.07,637.831,2022-05-03T09:06:57.126080+00:00,2022-05-03T09:17:34.957129+00:00,0,0,0,
Legitimate traffic\Legitimate traffic\HTTPERF\httperf_1st.pcap,benign,benign,benign,Legitimate traffic/HTTPERF,httperf_1st.pcap,.pcap,212514076,pcap,d4c3b2a1,2.4,1,Ethernet,262144,361342,206732580,572.12,202.939,2022-03-29T10:15:55.489648+00:00,2022-03-29T10:19:18.428744+00:00,0,0,0,
Legitimate traffic\Legitimate traffic\HTTPERF\httperf_2nd.pcap,benign,benign,benign,Legitimate traffic/HTTPERF,httperf_2nd.pcap,.pcap,148541310,pcap,d4c3b2a1,2.4,1,Ethernet,262144,256353,144439638,563.44,193.302,2022-05-03T11:01:05.416237+00:00,2022-05-03T11:04:18.718561+00:00,0,0,0,
TCP-RST\TCP-RST\TCP-RST.pcap,tcp_rst,attack,transport,TCP-RST,TCP-RST.pcap,.pcap,315976348,pcap,d4c3b2a1,2.4,1,Ethernet,262144,3291454,263313060,80.0,45.944,2022-04-01T06:23:33.083827+00:00,2022-04-01T06:24:19.027417+00:00,0,0,0,
TCP-SYN-fast\TCP-SYN-fast\tcp syn fast_1st.pcap,tcp_syn_fast,attack,transport,TCP-SYN-fast,tcp syn fast_1st.pcap,.pcap,7552082,pcap,d4c3b2a1,2.4,1,Ethernet,262144,96447,6008906,62.3,407.238,2022-03-17T06:49:54.950464+00:00,2022-03-17T06:56:42.188056+00:00,0,0,0,
TCP-SYN-fast\TCP-SYN-fast\tcp syn fast_2nd.pcap,tcp_syn_fast,attack,transport,TCP-SYN-fast,tcp syn fast_2nd.pcap,.pcap,7556754,pcap,d4c3b2a1,2.4,1,Ethernet,262144,96477,6013098,62.33,431.556,2022-05-04T09:20:58.050095+00:00,2022-05-04T09:28:09.605812+00:00,0,0,0,
TCP-SYN-fast\TCP-SYN-fast\tcp syn fast_3rd.pcap,tcp_syn_fast,attack,transport,TCP-SYN-fast,tcp syn fast_3rd.pcap,.pcap,7553324,pcap,d4c3b2a1,2.4,1,Ethernet,262144,96450,6010100,62.31,415.973,2022-05-04T09:30:13.613826+00:00,2022-05-04T09:37:09.586605+00:00,0,0,0,
TCP-SYN-flood\TCP-SYN-flood\tcp syn flood.pcap,tcp_syn_flood,attack,transport,TCP-SYN-flood,tcp syn flood.pcap,.pcap,377493090,pcap,d4c3b2a1,2.4,1,Ethernet,262144,4268670,309194346,72.43,44.046,2022-04-01T06:15:54.987034+00:00,2022-04-01T06:16:39.033420+00:00,0,0,0,
TCP-SYN-low\TCP-SYN-low\tcp syn low_1st.pcap,tcp_syn_low,attack,transport,TCP-SYN-low,tcp syn low_1st.pcap,.pcap,8119490,pcap,d4c3b2a1,2.4,1,Ethernet,262144,100371,6513530,64.89,4031.453,2022-03-17T05:22:56.766151+00:00,2022-03-17T06:30:08.218946+00:00,0,0,0,
TCP-SYN-low\TCP-SYN-low\tcp syn low_2nd.pcap,tcp_syn_low,attack,transport,TCP-SYN-low,tcp syn low_2nd.pcap,.pcap,8119122,pcap,d4c3b2a1,2.4,1,Ethernet,262144,100373,6513130,64.89,4029.923,2022-05-04T08:06:59.713174+00:00,2022-05-04T09:14:09.635693+00:00,0,0,0,
UDP flood\UDP flood\udp flood random port.pcap,udp_flood,attack,transport,UDP flood,udp flood random port.pcap,.pcap,338995662,pcap,d4c3b2a1,2.4,1,Ethernet,262144,4035627,274425606,68.0,26.228,2022-04-01T06:53:18.771967+00:00,2022-04-01T06:53:44.999735+00:00,0,0,0,
UDP flood\UDP flood\udp flood same port.pcap,udp_flood,attack,transport,UDP flood,udp flood same port.pcap,.pcap,291180992,pcap,d4c3b2a1,2.4,1,Ethernet,262144,3466408,235718440,68.0,30.051,2022-04-01T06:57:14.945832+00:00,2022-04-01T06:57:44.996394+00:00,0,0,0,
UDP flood\UDP flood\UDP flood.pcap,udp_flood,attack,transport,UDP flood,UDP flood.pcap,.pcap,282522970,pcap,d4c3b2a1,2.4,1,Ethernet,262144,3363345,228709426,68.0,30.043,2022-04-01T06:07:54.994995+00:00,2022-04-01T06:08:25.037806+00:00,0,0,0,
