track,model,fold,family,n_flows,recall,mean_proba
A1,logistic_regression,1,tcp_rst,131077,0.9999618544824798,0.9995491193141931
A1,logistic_regression,1,tcp_syn_flood,131077,0.8036421340128321,0.8016614619480555
A1,logistic_regression,1,udp_flood,393236,0.3808044024453509,0.38683045909090147
A1,random_forest,1,tcp_rst,131077,1.0,0.9021906970711874
A1,random_forest,1,tcp_syn_flood,131077,1.0,0.9200153344980432
A1,random_forest,1,udp_flood,393236,0.9999974569978334,0.9059480312077226
A1,extra_trees,1,tcp_rst,131077,1.0,0.9708305042074509
A1,extra_trees,1,tcp_syn_flood,131077,0.999992370896496,0.9776287983399072
A1,extra_trees,1,udp_flood,393236,1.0,0.9692474239388055
A1,hist_gradient_boost,1,tcp_rst,131077,0.21216536844755374,0.2964463549209296
A1,hist_gradient_boost,1,tcp_syn_flood,131077,0.6679966737108722,0.5944028334294988
A1,hist_gradient_boost,1,udp_flood,393236,0.6565014393392263,0.6431352067747893
A1,logistic_regression,2,benign,3746,0.9746396155899626,0.9748282941480142
A1,random_forest,2,benign,3746,0.9997330485851575,0.9742925787506673
A1,extra_trees,2,benign,3746,0.99893219434063,0.9638040576615056
A1,hist_gradient_boost,2,benign,3746,0.996262680192205,0.9961606979812265
A1,logistic_regression,3,benign,7895,0.0,0.0002558597924225426
A1,random_forest,3,benign,7895,0.0006333122229259025,0.006896770107663078
A1,extra_trees,3,benign,7895,0.00037998733375554147,0.007598480050664978
A1,hist_gradient_boost,3,benign,7895,0.0001266624445851805,0.00020726586247729744
A2,logistic_regression,1,benign,473,0.0,0.0007775239756099994
A2,logistic_regression,1,http_slow_body,5757,0.9826298419315616,0.9836009276721324
A2,logistic_regression,1,http_slow_header,5328,0.9954954954954955,0.9959949293433422
A2,logistic_regression,1,tcp_syn_low,16016,0.9990634365634365,0.9988464094805989
A2,logistic_regression,1,udp_flood,131079,0.9999618550645031,0.9998361159964687
A2,random_forest,1,benign,473,0.0,0.004714587737843552
A2,random_forest,1,http_slow_body,5757,1.0,0.9890811186381797
A2,random_forest,1,http_slow_header,5328,0.9998123123123123,0.9993637387387386
A2,random_forest,1,tcp_syn_low,16016,0.9998126873126874,0.9996903096903097
A2,random_forest,1,udp_flood,131079,1.0,0.9954551835152848
A2,extra_trees,1,benign,473,0.0,0.0040169133192389005
A2,extra_trees,1,http_slow_body,5757,1.0,0.9869671704012507
A2,extra_trees,1,http_slow_header,5328,1.0,0.9993975225225227
A2,extra_trees,1,tcp_syn_low,16016,0.9998751248751249,0.999763986013986
A2,extra_trees,1,udp_flood,131079,1.0,0.9929325826410028
A2,hist_gradient_boost,1,benign,473,0.0,0.00011393952233415273
A2,hist_gradient_boost,1,http_slow_body,5757,0.9996525968386313,0.998840846343999
A2,hist_gradient_boost,1,http_slow_header,5328,0.9998123123123123,0.9997092248689543
A2,hist_gradient_boost,1,tcp_syn_low,16016,0.9996878121878122,0.999618378574012
A2,hist_gradient_boost,1,udp_flood,131079,1.0,0.9999922058988067
A2,logistic_regression,2,benign,7635,0.0,0.00016892033432116846
A2,logistic_regression,2,http_low_rate,4799,0.987080641800375,0.9863434792344676
A2,logistic_regression,2,tcp_syn_fast,16005,0.999687597625742,0.9996840102358768
A2,logistic_regression,2,udp_flood,131079,0.9999618550645031,0.9997664923692684
A2,random_forest,2,benign,7635,0.0001309757694826457,0.04130320890635233
A2,random_forest,2,http_low_rate,4799,0.9997916232548447,0.9971556574286309
A2,random_forest,2,tcp_syn_fast,16005,0.9998750390502967,0.9998300531084036
A2,random_forest,2,udp_flood,131079,1.0,0.9999986267823222
A2,extra_trees,2,benign,7635,0.0001309757694826457,0.0017432874918140143
A2,extra_trees,2,http_low_rate,4799,0.9997916232548447,0.989860387580746
A2,extra_trees,2,tcp_syn_fast,16005,0.9998750390502967,0.9998531708840986
A2,extra_trees,2,udp_flood,131079,1.0,0.999999542260774
A2,hist_gradient_boost,2,benign,7635,0.0001309757694826457,0.00013175417795180424
A2,hist_gradient_boost,2,http_low_rate,4799,0.9989581162742238,0.998981920813822
A2,hist_gradient_boost,2,tcp_syn_fast,16005,0.9997500781005936,0.9997411748285392
A2,hist_gradient_boost,2,udp_flood,131079,1.0,0.9999992295830941
A2,logistic_regression,3,benign,5555,0.0,8.236211656353323e-05
A2,logistic_regression,3,http_slow_read,21826,0.9869421790525061,0.9811536090196206
A2,logistic_regression,3,udp_flood,131078,0.9999694838187949,0.9993211726828847
A2,random_forest,3,benign,5555,0.0,0.0006804680468046805
A2,random_forest,3,http_slow_read,21826,0.9951892238614497,0.9281480802712361
A2,random_forest,3,udp_flood,131078,1.0,0.9999964143487083
A2,extra_trees,3,benign,5555,0.00018001800180018,0.007166516651665167
A2,extra_trees,3,http_slow_read,21826,0.9953724915238706,0.7927132777421425
A2,extra_trees,3,udp_flood,131078,1.0,0.9999913028883565
A2,hist_gradient_boost,3,benign,5555,0.00018001800180018,0.00017748646848173144
A2,hist_gradient_boost,3,http_slow_read,21826,0.9888206725923211,0.9884871377084792
A2,hist_gradient_boost,3,udp_flood,131078,1.0,0.9999977634896963
A2,logistic_regression,4,benign,1971,0.0010147133434804667,0.0013584857949174092
A2,logistic_regression,4,http_flood,25402,0.9998031651051098,0.9997952463534596
A2,logistic_regression,4,tcp_syn_flood,131077,0.07252225790947306,0.10147830465287966
A2,random_forest,4,benign,1971,0.0005073566717402334,0.00589041095890411
A2,random_forest,4,http_flood,25402,1.0,0.9996134162664357
A2,random_forest,4,tcp_syn_flood,131077,1.0,0.964735079380822
A2,extra_trees,4,benign,1971,0.0,0.0032369355657026894
A2,extra_trees,4,http_flood,25402,0.999960633021022,0.9991788048185182
A2,extra_trees,4,tcp_syn_flood,131077,1.0,0.9568395675824134
A2,hist_gradient_boost,4,benign,1971,0.0015220700152207,0.0013225286665059155
A2,hist_gradient_boost,4,http_flood,25402,0.999960633021022,0.9999588558911243
A2,hist_gradient_boost,4,tcp_syn_flood,131077,0.999992370896496,0.9999942133339917
A2,logistic_regression,5,benign,3642,0.006864360241625481,0.006846069491082699
A2,logistic_regression,5,http_flood,23965,0.9998330899228041,0.9998153187851446
A2,logistic_regression,5,tcp_rst,131077,0.9999618544824798,0.9999619788321994
A2,random_forest,5,benign,3642,0.004667764964305327,0.009236683141131246
A2,random_forest,5,http_flood,23965,1.0,0.9998823283955769
A2,random_forest,5,tcp_rst,131077,1.0,0.9969393562562464
A2,extra_trees,5,benign,3642,0.0032948929159802307,0.007641405820977484
A2,extra_trees,5,http_flood,23965,1.0,0.9998869184226998
A2,extra_trees,5,tcp_rst,131077,1.0,0.9677800071713575
A2,hist_gradient_boost,5,benign,3642,0.0027457440966501922,0.0029752560206323217
A2,hist_gradient_boost,5,http_flood,23965,1.0,0.9998664540555265
A2,hist_gradient_boost,5,tcp_rst,131077,1.0,0.9998379151503227
B,logistic_regression,holdout,tcp_rst,131077,0.9999618544824798,0.9516284089995861
B,logistic_regression,holdout,tcp_syn_flood,131077,0.9987106815078161,0.9959773280787275
B,logistic_regression,holdout,udp_flood,393236,0.035019682836769775,0.07712913621371978
B,random_forest,holdout,tcp_rst,131077,0.6784027708903927,0.5641141466466275
B,random_forest,holdout,tcp_syn_flood,131077,0.9615493183396019,0.6428993644956782
B,random_forest,holdout,udp_flood,393236,0.3917189677445605,0.4743353609537276
B,extra_trees,holdout,tcp_rst,131077,0.9918063428366533,0.6352299030340944
B,extra_trees,holdout,tcp_syn_flood,131077,0.999992370896496,0.9016538370576074
B,extra_trees,holdout,udp_flood,393236,0.9593831693944603,0.6579559602884781
B,hist_gradient_boost,holdout,tcp_rst,131077,4.5774621024283436e-05,0.017606808387191978
B,hist_gradient_boost,holdout,tcp_syn_flood,131077,0.3698513087727061,0.41376846828269015
B,hist_gradient_boost,holdout,udp_flood,393236,0.002540459164471208,0.005132966525152191
