run_id,trial_id,model,params,mean_pr_auc,mean_recall,mean_precision,mean_f1,mean_fpr,mean_fnr,mean_roc_auc,std_recall,worst_fold_recall,worst_fold_fpr,total_train_s,seed
4fc1eda5,4fc1eda5-ex-000,extra_trees,"{'n_estimators': 100, 'max_depth': 28, 'min_samples_leaf': 5, 'max_features': 0.3, 'class_weight': 'balanced_subsample', 'criterion': 'log_loss'}",0.9999999923101177,0.9990856647048438,0.9999870740267675,0.9995354420558284,0.0005204290912935637,0.0009143352951560164,0.9999993700039347,0.001892349150753701,0.9957031863129807,0.002471169686985173,38.9,42
4fc1eda5,4fc1eda5-ex-001,extra_trees,"{'n_estimators': 100, 'max_depth': 20, 'min_samples_leaf': 1, 'max_features': 'sqrt', 'class_weight': 'balanced_subsample', 'criterion': 'log_loss'}",0.9999991339514083,0.9998784458071601,0.9999844944828263,0.9999314536828579,0.0006302588551595714,0.00012155419284002706,0.9999798962041642,0.00025022842438702733,0.9994310155391618,0.0030203185063152112,23.0,42
4fc1eda5,4fc1eda5-ex-002,extra_trees,"{'n_estimators': 300, 'max_depth': 28, 'min_samples_leaf': 5, 'max_features': 0.75, 'class_weight': 'balanced_subsample', 'criterion': 'gini'}",0.9999999859726991,0.9991523732278388,0.9999857842117962,0.9995682895529491,0.0005753439732265676,0.0008476267721611961,0.999999467268465,0.0017433115325727888,0.9960367289279548,0.0027457440966501922,254.1,42
4fc1eda5,4fc1eda5-ex-003,extra_trees,"{'n_estimators': 500, 'max_depth': 12, 'min_samples_leaf': 5, 'max_features': 0.3, 'class_weight': 'balanced', 'criterion': 'log_loss'}",0.9999999918700773,0.999504140730569,0.9999883638583761,0.9997460043252566,0.0004655142093605599,0.000495859269431045,0.9999993222362404,0.0009647269629647153,0.9977829226181133,0.002196595277320154,182.0,42
4fc1eda5,4fc1eda5-ex-004,extra_trees,"{'n_estimators': 500, 'max_depth': 20, 'min_samples_leaf': 2, 'max_features': 0.75, 'class_weight': 'balanced_subsample', 'criterion': 'entropy'}",0.9999968745562446,0.9999832298091167,0.9999844944654859,0.9999838617906983,0.0006302588551595714,1.6770190883290203e-05,0.9999068337091879,1.4856246281071965e-05,0.9999670799233621,0.0030203185063152112,375.3,42
4fc1eda5,4fc1eda5-ex-005,extra_trees,"{'n_estimators': 200, 'max_depth': None, 'min_samples_leaf': 1, 'max_features': 0.5, 'class_weight': None, 'criterion': 'gini'}",0.999999964381227,0.9997188685560744,0.9999754779154049,0.9998470791373786,0.0010612194811056412,0.00028113144392567563,0.9999992402628168,0.0006069909309376935,0.9986331292837336,0.004667764964305327,170.6,42
4fc1eda5,4fc1eda5-ex-006,extra_trees,"{'n_estimators': 500, 'max_depth': 28, 'min_samples_leaf': 2, 'max_features': 0.5, 'class_weight': 'balanced', 'criterion': 'log_loss'}",0.9999999958351946,0.9999819130060512,0.9999844944568157,0.9999832033653229,0.0006302588551595714,1.808699394880774e-05,0.9999998366342409,1.6809028907240308e-05,0.9999604959080345,0.0030203185063152112,269.2,42
4fc1eda5,4fc1eda5-ex-007,extra_trees,"{'n_estimators': 300, 'max_depth': 12, 'min_samples_leaf': 1, 'max_features': 0.75, 'class_weight': 'balanced_subsample', 'criterion': 'log_loss'}",0.9999955840241361,0.9999883535036581,0.9999832046924588,0.9999857787568948,0.0006851737370925753,1.1646496341932808e-05,0.9998656287111496,1.0708586804549179e-05,0.9999736639386897,0.0032948929159802307,224.0,42
4fc1eda5,4fc1eda5-ex-008,extra_trees,"{'n_estimators': 300, 'max_depth': 28, 'min_samples_leaf': 10, 'max_features': 'sqrt', 'class_weight': 'balanced_subsample', 'criterion': 'entropy'}",0.9999999765068026,0.9989101824335436,0.9999986830668739,0.9994532118685058,2.6195153896529142e-05,0.0010898175664564547,0.9999982909003411,0.002145960625127327,0.9950753413906765,0.0001309757694826457,64.6,42
4fc1eda5,4fc1eda5-ex-009,extra_trees,"{'n_estimators': 200, 'max_depth': None, 'min_samples_leaf': 5, 'max_features': 'sqrt', 'class_weight': None, 'criterion': 'log_loss'}",0.9999999784033683,0.9998676366976869,0.9999483709084845,0.9999079915677058,0.002223165890967829,0.00013236330231326858,0.9999983175486127,0.00017174306953721122,0.9995814367184639,0.009610104338275673,42.6,42
4fc1eda5,4fc1eda5-ex-010,extra_trees,"{'n_estimators': 500, 'max_depth': 20, 'min_samples_leaf': 2, 'max_features': 0.75, 'class_weight': 'balanced_subsample', 'criterion': 'gini'}",0.9999999963480779,0.9999793318206365,0.9999844944481451,0.9999819127224555,0.0006302588551595714,2.0668179363547682e-05,0.9999998817028777,2.0206279790843945e-05,0.9999539118927069,0.0030203185063152112,416.1,42
4fc1eda5,4fc1eda5-ex-011,extra_trees,"{'n_estimators': 500, 'max_depth': 12, 'min_samples_leaf': 1, 'max_features': 0.3, 'class_weight': None, 'criterion': 'gini'}",0.9999999972629894,0.9999857585738152,0.9999535668571115,0.9999696603962216,0.0020413289263817493,1.4241426184845395e-05,0.9999999345747368,1.2604290307880257e-05,0.9999670799233621,0.009060955518945634,229.6,42
4fc1eda5,4fc1eda5-ex-012,extra_trees,"{'n_estimators': 200, 'max_depth': None, 'min_samples_leaf': 5, 'max_features': 0.3, 'class_weight': 'balanced', 'criterion': 'gini'}",0.999999988679982,0.9991157788241818,0.9999883638583761,0.9995512104780142,0.0004655142093605599,0.0008842211758182018,0.9999992626443641,0.0018214503599890321,0.9958601475435568,0.002196595277320154,81.0,42
4fc1eda5,4fc1eda5-ex-013,extra_trees,"{'n_estimators': 300, 'max_depth': 20, 'min_samples_leaf': 10, 'max_features': 0.3, 'class_weight': 'balanced', 'criterion': 'log_loss'}",0.9999999895869319,0.9989176973665197,0.999998683092888,0.9994569481000335,2.6195153896529142e-05,0.0010823026334802577,0.9999986702362158,0.002175156475172747,0.9950295610317584,0.0001309757694826457,106.5,42
4fc1eda5,4fc1eda5-ex-014,extra_trees,"{'n_estimators': 300, 'max_depth': 20, 'min_samples_leaf': 1, 'max_features': 0.3, 'class_weight': None, 'criterion': 'log_loss'}",0.9999999984101496,0.9999556919235761,0.9999741696830856,0.9999649288368678,0.0010972230814656771,4.430807642382026e-05,0.9999999599596316,7.07305274055196e-05,0.999829958666876,0.004667764964305327,114.7,42
4fc1eda5,4fc1eda5-ex-015,extra_trees,"{'n_estimators': 200, 'max_depth': 28, 'min_samples_leaf': 10, 'max_features': 0.3, 'class_weight': None, 'criterion': 'gini'}",0.9999998929021631,0.9998507634480911,0.9999238667927838,0.9998872969301782,0.0032941938185369764,0.00014923655190893977,0.9999921549772054,0.00019975336195928676,0.9995160362057238,0.014277869302580999,97.2,42
4fc1eda5,4fc1eda5-ex-016,extra_trees,"{'n_estimators': 100, 'max_depth': 20, 'min_samples_leaf': 5, 'max_features': 'sqrt', 'class_weight': None, 'criterion': 'gini'}",0.9999999888449173,0.99981797593591,0.9999406146965161,0.9998792698762815,0.0025337439009928842,0.0001820240640901057,0.9999994818207082,0.0002752644885319794,0.9993394548213258,0.010982976386600769,26.4,42
4fc1eda5,4fc1eda5-ex-017,extra_trees,"{'n_estimators': 500, 'max_depth': None, 'min_samples_leaf': 10, 'max_features': 0.75, 'class_weight': None, 'criterion': 'entropy'}",0.9999999364797428,0.9999449401864368,0.9999445412439029,0.9999447355962617,0.002425733099912776,5.505981356331113e-05,0.9999948993454766,7.374887143006611e-05,0.9998229864711089,0.010982976386600769,403.3,42
4fc1eda5,4fc1eda5-ex-018,extra_trees,"{'n_estimators': 200, 'max_depth': 20, 'min_samples_leaf': 2, 'max_features': 0.75, 'class_weight': 'balanced_subsample', 'criterion': 'entropy'}",0.9999974403617481,0.9999832298091167,0.9999844944654859,0.9999838617906983,0.0006302588551595714,1.6770190883290203e-05,0.9999443359645609,1.4856246281071965e-05,0.9999670799233621,0.0030203185063152112,146.0,42
4fc1eda5,4fc1eda5-ex-019,extra_trees,"{'n_estimators': 300, 'max_depth': 20, 'min_samples_leaf': 1, 'max_features': 'sqrt', 'class_weight': 'balanced', 'criterion': 'gini'}",0.9999999975159041,0.9999896703067236,0.9999831864725716,0.9999864281092927,0.0006662624555196074,1.0329693276415272e-05,0.9999999382016431,8.65941813657458e-06,0.9999802479540172,0.0030203185063152112,70.0,42
4fc1eda5,4fc1eda5-ex-020,extra_trees,"{'n_estimators': 200, 'max_depth': 20, 'min_samples_leaf': 5, 'max_features': 0.3, 'class_weight': None, 'criterion': 'entropy'}",0.999999961861932,0.999956372048296,0.9999522773979883,0.999954321335904,0.0020962438083147535,4.362795170401435e-05,0.9999969946339202,5.277075912088585e-05,0.9998735617650778,0.009335529928610654,76.6,42
4fc1eda5,4fc1eda5-ex-021,extra_trees,"{'n_estimators': 100, 'max_depth': 28, 'min_samples_leaf': 5, 'max_features': 0.5, 'class_weight': 'balanced_subsample', 'criterion': 'entropy'}",0.9999999946402138,0.9991549019925372,0.9999870740267675,0.9995701991141372,0.0005204290912935637,0.0008450980074627513,0.9999996243309376,0.0017445133124912777,0.9960367289279548,0.002471169686985173,55.6,42
4fc1eda5,4fc1eda5-ex-022,extra_trees,"{'n_estimators': 100, 'max_depth': 20, 'min_samples_leaf': 10, 'max_features': 0.3, 'class_weight': 'balanced_subsample', 'criterion': 'gini'}",0.9999999789981284,0.9990508090171704,0.999998683092888,0.9995237954779622,2.6195153896529142e-05,0.0009491909828296633,0.9999982972941701,0.0019017479493159055,0.9956508659027887,0.0001309757694826457,41.5,42
4fc1eda5,4fc1eda5-ex-023,extra_trees,"{'n_estimators': 200, 'max_depth': 12, 'min_samples_leaf': 10, 'max_features': 'sqrt', 'class_weight': 'balanced', 'criterion': 'entropy'}",0.9999999782851698,0.998756927094204,0.9999948366430196,0.9993742355171683,0.00028405270452562634,0.0012430729057959912,0.9999982338115296,0.0025055149471440775,0.9942774551352482,0.0010147133434804667,42.1,42
4fc1eda5,4fc1eda5-ex-024,extra_trees,"{'n_estimators': 500, 'max_depth': 28, 'min_samples_leaf': 1, 'max_features': 'sqrt', 'class_weight': None, 'criterion': 'gini'}",0.9999999973553043,0.9999896565622954,0.9999702894041992,0.9999799720413056,0.0012154112748496459,1.0343437704587916e-05,0.9999999329739522,7.43655081071026e-06,0.9999802479540172,0.005766062602965404,141.2,42
4fc1eda5,4fc1eda5-ex-025,extra_trees,"{'n_estimators': 500, 'max_depth': 12, 'min_samples_leaf': 10, 'max_features': 0.3, 'class_weight': 'balanced_subsample', 'criterion': 'entropy'}",0.9999999863790778,0.9991097147974713,0.9999986830842168,0.9995533828777381,2.6195153896529142e-05,0.0008902852025286515,0.9999985447948931,0.0017554650208610855,0.9959713284152147,0.0001309757694826457,189.4,42
4fc1eda5,4fc1eda5-ex-026,extra_trees,"{'n_estimators': 100, 'max_depth': 20, 'min_samples_leaf': 5, 'max_features': 0.75, 'class_weight': None, 'criterion': 'entropy'}",0.9999999993125487,0.9999602700367763,0.9999664619034856,0.9999633640338338,0.0014921801070517109,3.972996322375688e-05,0.9999999478856687,4.910291130496147e-05,0.9998798836768239,0.006315211422295442,87.3,42
4fc1eda5,4fc1eda5-ex-027,extra_trees,"{'n_estimators': 200, 'max_depth': 12, 'min_samples_leaf': 2, 'max_features': 0.75, 'class_weight': 'balanced', 'criterion': 'gini'}",0.9999999842354572,0.9998092904875124,0.9999844944481451,0.9998968553415569,0.0006302588551595714,0.00019070951248759938,0.9999993250552393,0.0003727903623469656,0.9991432532831057,0.0030203185063152112,163.2,42
4fc1eda5,4fc1eda5-ex-028,extra_trees,"{'n_estimators': 200, 'max_depth': None, 'min_samples_leaf': 1, 'max_features': 'sqrt', 'class_weight': None, 'criterion': 'log_loss'}",0.9999999966106928,0.9998431594137578,0.9999754470731264,0.9999092757811574,0.0009957517471176306,0.00015684058624223243,0.9999999206908609,0.000325529433030405,0.9992609742060378,0.004667764964305327,43.6,42
4fc1eda5,4fc1eda5-ex-029,extra_trees,"{'n_estimators': 300, 'max_depth': 12, 'min_samples_leaf': 5, 'max_features': 'sqrt', 'class_weight': None, 'criterion': 'entropy'}",0.9999999012932446,0.999940902857577,0.9999328815040013,0.99993688628882,0.0028632331925909074,5.9097142423012023e-05,0.9999922032420404,6.21864567707595e-05,0.9998419522063472,0.012630422844590884,62.1,42
4fc1eda5,4fc1eda5-ex-030,extra_trees,"{'n_estimators': 500, 'max_depth': None, 'min_samples_leaf': 2, 'max_features': 0.5, 'class_weight': 'balanced_subsample', 'criterion': 'entropy'}",0.9999999958351946,0.9999819130060512,0.9999844944568157,0.9999832033653229,0.0006302588551595714,1.808699394880774e-05,0.9999998366342409,1.6809028907240308e-05,0.9999604959080345,0.0030203185063152112,264.7,42
4fc1eda5,4fc1eda5-ex-031,extra_trees,"{'n_estimators': 100, 'max_depth': 12, 'min_samples_leaf': 1, 'max_features': 0.3, 'class_weight': None, 'criterion': 'entropy'}",0.9999999987026913,0.9999282237082253,0.999959991475096,0.9999441009604231,0.0016736416118866445,7.177629177462861e-05,0.9999999717496216,0.00013194503480370526,0.999692617590122,0.008237232289950576,39.4,42
4fc1eda5,4fc1eda5-ex-032,extra_trees,"{'n_estimators': 300, 'max_depth': 12, 'min_samples_leaf': 10, 'max_features': 'sqrt', 'class_weight': 'balanced_subsample', 'criterion': 'gini'}",0.9999999780110969,0.9989140192084968,0.9999948366430196,0.9994532107512406,0.00028405270452562634,0.0010859807915032096,0.9999983352818177,0.0021442132674780214,0.9950818814419505,0.0010147133434804667,63.9,42
4fc1eda5,4fc1eda5-ex-033,extra_trees,"{'n_estimators': 200, 'max_depth': 28, 'min_samples_leaf': 2, 'max_features': 0.75, 'class_weight': 'balanced_subsample', 'criterion': 'log_loss'}",0.9999974403617481,0.9999832298091167,0.9999844944654859,0.9999838617906983,0.0006302588551595714,1.6770190883290203e-05,0.9999443359645609,1.4856246281071965e-05,0.9999670799233621,0.0030203185063152112,144.2,42
4fc1eda5,4fc1eda5-ex-034,extra_trees,"{'n_estimators': 200, 'max_depth': 12, 'min_samples_leaf': 10, 'max_features': 0.75, 'class_weight': 'balanced', 'criterion': 'log_loss'}",0.9999999881012023,0.9991355962712222,0.9999909434044104,0.9995624725440578,0.0003556844454945522,0.0008644037287777802,0.9999990565078507,0.0017449449097895402,0.9960171087741327,0.0016474464579901153,141.3,42
4fc1eda5,4fc1eda5-ex-035,extra_trees,"{'n_estimators': 200, 'max_depth': 20, 'min_samples_leaf': 10, 'max_features': 0.3, 'class_weight': None, 'criterion': 'gini'}",0.999999891524384,0.9998298352840143,0.9999238663817451,0.9998768272342089,0.0032941938185369764,0.0001701647159857461,0.9999920487074803,0.00024414014928981025,0.9994113953853399,0.014277869302580999,95.5,42
4fc1eda5,4fc1eda5-ex-036,extra_trees,"{'n_estimators': 100, 'max_depth': None, 'min_samples_leaf': 2, 'max_features': 0.75, 'class_weight': 'balanced', 'criterion': 'entropy'}",0.9999952645971704,0.9999805962029857,0.9999832046664479,0.9999818999969305,0.0006851737370925753,1.9403797014325276e-05,0.9998560276175545,1.9018899946596987e-05,0.9999539118927069,0.0032948929159802307,73.9,42
4fc1eda5,4fc1eda5-ex-037,extra_trees,"{'n_estimators': 300, 'max_depth': None, 'min_samples_leaf': 5, 'max_features': 0.3, 'class_weight': None, 'criterion': 'entropy'}",0.9999999809632157,0.9999551076659469,0.999954856246158,0.9999549787613085,0.0019864140444487456,4.489233405323676e-05,0.999998494473124,5.5267585282035664e-05,0.9998672398533317,0.008786381109280615,111.5,42
4fc1eda5,4fc1eda5-ex-038,extra_trees,"{'n_estimators': 300, 'max_depth': None, 'min_samples_leaf': 2, 'max_features': 0.75, 'class_weight': 'balanced', 'criterion': 'log_loss'}",0.9999969563662431,0.9999832298091167,0.9999844944654859,0.9999838617906983,0.0006302588551595714,1.6770190883290203e-05,0.9999322193994435,1.4856246281071965e-05,0.9999670799233621,0.0030203185063152112,217.2,42
4fc1eda5,4fc1eda5-ex-039,extra_trees,"{'n_estimators': 200, 'max_depth': 20, 'min_samples_leaf': 5, 'max_features': 0.3, 'class_weight': 'balanced', 'criterion': 'entropy'}",0.999999991163189,0.9990045680690465,0.9999883638583761,0.9994953556217139,0.0004655142093605599,0.000995431930953641,0.9999992729122802,0.002073556769331968,0.9952977031339926,0.002196595277320154,73.4,42
4fc1eda5,4fc1eda5-ra-000,random_forest,"{'n_estimators': 100, 'max_depth': 20, 'min_samples_leaf': 1, 'max_features': 0.5, 'class_weight': 'balanced_subsample', 'criterion': 'gini'}",0.9999986550209682,0.9998693383148993,0.9999626162332167,0.9999159578854101,0.0017500376576808081,0.00013066168510059633,0.9999863520839435,0.00026362623748911544,0.9993983152827918,0.006589785831960461,304.8,42
4fc1eda5,4fc1eda5-ra-001,random_forest,"{'n_estimators': 500, 'max_depth': 12, 'min_samples_leaf': 10, 'max_features': 'sqrt', 'class_weight': 'balanced', 'criterion': 'entropy'}",0.999999909015998,0.999170987506057,0.9999986831102301,0.999584104326444,2.6195153896529142e-05,0.0008290124939429845,0.999997685968445,0.0016700645199990193,0.9961871501072569,0.0001309757694826457,353.4,42
4fc1eda5,4fc1eda5-ra-002,random_forest,"{'n_estimators': 100, 'max_depth': 12, 'min_samples_leaf': 5, 'max_features': 'sqrt', 'class_weight': None, 'criterion': 'gini'}",0.9999999494570637,0.9998268445341238,0.9999392789116814,0.999883034411204,0.0029169741502710184,0.00017315546587610688,0.9999985065394987,0.00030498745383198246,0.9992871344111338,0.009884678747940691,111.9,42
4fc1eda5,4fc1eda5-ra-003,random_forest,"{'n_estimators': 100, 'max_depth': 20, 'min_samples_leaf': 10, 'max_features': 'sqrt', 'class_weight': 'balanced', 'criterion': 'log_loss'}",0.9999998989577721,0.9990414240329002,0.9999986831015593,0.9995190510951126,2.6195153896529142e-05,0.0009585759670997559,0.9999975499642121,0.001962869835101941,0.9955331449798567,0.0001309757694826457,65.3,42
4fc1eda5,4fc1eda5-ra-004,random_forest,"{'n_estimators': 500, 'max_depth': 20, 'min_samples_leaf': 2, 'max_features': 0.3, 'class_weight': 'balanced_subsample', 'criterion': 'entropy'}",0.9999999649541804,0.9997948552417588,0.9999715974057839,0.9998831790996275,0.00117940767448961,0.00020514475824123568,0.9999992137652512,0.0004229591381548155,0.9990386124627217,0.005766062602965404,748.0,42
4fc1eda5,4fc1eda5-ra-005,random_forest,"{'n_estimators': 200, 'max_depth': None, 'min_samples_leaf': 1, 'max_features': 0.75, 'class_weight': 'balanced_subsample', 'criterion': 'entropy'}",0.9999964773817325,0.9997264719022481,0.9999587718173675,0.9998425750110194,0.0022827004025193316,0.00027352809775201095,0.9999369744862815,0.0003685585984915727,0.9992603363257049,0.007138934651290499,693.7,42
4fc1eda5,4fc1eda5-ra-006,random_forest,"{'n_estimators': 200, 'max_depth': 28, 'min_samples_leaf': 1, 'max_features': 'sqrt', 'class_weight': 'balanced', 'criterion': 'entropy'}",0.9999986409152335,0.9998706551179648,0.9999844944828263,0.9999275564014221,0.0006302588551595714,0.0001293448820350788,0.9999861036128503,0.00026429321538260636,0.9993983152827918,0.0030203185063152112,129.8,42
4fc1eda5,4fc1eda5-ra-007,random_forest,"{'n_estimators': 300, 'max_depth': 12, 'min_samples_leaf': 2, 'max_features': 0.75, 'class_weight': 'balanced', 'criterion': 'entropy'}",0.9999986518936101,0.9997541647764526,0.9999638843932187,0.9998589880578448,0.001876815065127145,0.0002458352235473365,0.9999851330105873,0.00031921039202485697,0.9993852351802438,0.007138934651290499,956.4,42
4fc1eda5,4fc1eda5-ra-008,random_forest,"{'n_estimators': 300, 'max_depth': 12, 'min_samples_leaf': 10, 'max_features': 0.3, 'class_weight': None, 'criterion': 'gini'}",0.9999995312252951,0.999233715208509,0.9999250156756245,0.9995787990204015,0.003830441937306224,0.0007662847914909907,0.9999872828904275,0.001457066423875192,0.996644953696437,0.011257550796265788,772.0,42
4fc1eda5,4fc1eda5-ra-009,random_forest,"{'n_estimators': 300, 'max_depth': 20, 'min_samples_leaf': 10, 'max_features': 0.3, 'class_weight': 'balanced', 'criterion': 'gini'}",0.9999998773365147,0.9991426256810987,0.9999729115501002,0.9995570075987275,0.0014924108915961181,0.000857374318901312,0.9999970434125978,0.0016961993047643405,0.9961152095432428,0.005216913783635365,460.2,42
4fc1eda5,4fc1eda5-ra-010,random_forest,"{'n_estimators': 200, 'max_depth': 28, 'min_samples_leaf': 1, 'max_features': 0.75, 'class_weight': 'balanced_subsample', 'criterion': 'gini'}",0.9999986455526793,0.9998667521778671,0.9999600759161954,0.9999133942091584,0.0025491471672107967,0.00013324782213279177,0.9999857594847393,0.0002657707432621331,0.9993917752315178,0.006864360241625481,775.2,42
4fc1eda5,4fc1eda5-ra-011,random_forest,"{'n_estimators': 200, 'max_depth': 20, 'min_samples_leaf': 2, 'max_features': 'sqrt', 'class_weight': 'balanced_subsample', 'criterion': 'log_loss'}",0.9999999542688481,0.9998525822045924,0.9999857842724904,0.9999191618798001,0.0005753439732265676,0.00014741779540770623,0.9999990161942316,0.00028041162294643044,0.9993525349238738,0.0027457440966501922,171.2,42
4fc1eda5,4fc1eda5-ra-012,random_forest,"{'n_estimators': 100, 'max_depth': 12, 'min_samples_leaf': 1, 'max_features': 0.5, 'class_weight': None, 'criterion': 'log_loss'}",0.9999986702967512,0.9998641449501683,0.9999587133483185,0.9999114075214575,0.0017751129462346912,0.00013585504983167545,0.9999866217729269,0.00027521660662616776,0.9993721550776958,0.008237232289950576,346.1,42
4fc1eda5,4fc1eda5-ra-013,random_forest,"{'n_estimators': 500, 'max_depth': 28, 'min_samples_leaf': 2, 'max_features': 'sqrt', 'class_weight': 'balanced_subsample', 'criterion': 'log_loss'}",0.9999999553207808,0.9998512741943376,0.9999844944741563,0.9999178625060396,0.0006302588551595714,0.00014872580566250662,0.9999990428054388,0.0002833273727779266,0.9993459948725998,0.0030203185063152112,423.3,42
4fc1eda5,4fc1eda5-ra-014,random_forest,"{'n_estimators': 500, 'max_depth': None, 'min_samples_leaf': 1, 'max_features': 'sqrt', 'class_weight': 'balanced', 'criterion': 'entropy'}",0.9999999595615756,0.9998693769911874,0.9999844944828263,0.9999269173359915,0.0006302588551595714,0.00013062300881247388,0.999999157279119,0.000263525660694462,0.9993983152827918,0.0030203185063152112,327.7,42
4fc1eda5,4fc1eda5-ra-015,random_forest,"{'n_estimators': 300, 'max_depth': 12, 'min_samples_leaf': 2, 'max_features': 0.75, 'class_weight': 'balanced_subsample', 'criterion': 'log_loss'}",0.999998653325196,0.9997541647764526,0.9999638843932187,0.9998589880578448,0.001876815065127145,0.0002458352235473365,0.9999851971730831,0.00031921039202485697,0.9993852351802438,0.007138934651290499,1050.0,42
4fc1eda5,4fc1eda5-ra-016,random_forest,"{'n_estimators': 500, 'max_depth': 12, 'min_samples_leaf': 1, 'max_features': 0.75, 'class_weight': 'balanced_subsample', 'criterion': 'gini'}",0.9999986563673859,0.9998654353748015,0.9999587978297548,0.9999120967390231,0.0026506185015588435,0.00013456462519830932,0.999985813709545,0.00026512412845626737,0.9993917752315178,0.006864360241625481,1924.9,42
